"author_id","author_name"
1,Ailina Naile
2,Orion Pendleberry
3,Marshal Nathan
4,Roselin Cantera
5,Kenneth Floodgate
6,Johnna Abeau
7,Granville Ewell
8,Harriet Phelp
9,Kathlin Leggis
10,Adel McLeish
11,Harli Coupe
12,Norris Conring
13,Idelle Whorton
14,Link Draisey
15,Penni Lefort
16,Jake Taborre
17,Coleen Kernes
18,Juan Ogger
19,Kaleb Sowerby
20,Ronda Doore
21,Templeton Bosward
22,Walker Cush
23,Ines Demko
24,Karon Hannon
25,Mimi Girardetti
26,Kenton Winley
27,Brandy Pickering
28,Del Lindegard
29,Byram See
30,Mallory Penman
31,Veriee Gather
